,City,Country,Max Temp,Current Description,Lat,Lng,Hotel Name
0,Albany,US,68.18,scattered clouds,42.6001,-73.9662,
1,Castro,BR,76.39,scattered clouds,-24.7911,-50.0119,
2,Rikitea,PF,73.56,few clouds,-23.1203,-134.9692,
3,Qaanaaq,GL,20.12,scattered clouds,77.484,-69.3632,
4,Bredasdorp,ZA,60.12,broken clouds,-34.5322,20.0403,
5,Vaini,TO,68.16,broken clouds,-21.2,-175.2,
6,Thunder Bay,CA,68.29,broken clouds,48.4001,-89.3168,
7,Bubaque,GW,83.59,overcast clouds,11.2833,-15.8333,
8,Garissa,KE,80.24,few clouds,-0.4536,39.6401,
9,Ushuaia,AR,46.06,scattered clouds,-54.8,-68.3,
10,Siderno,IT,78.28,broken clouds,38.2779,16.302,
11,Shizunai,JP,61.32,overcast clouds,42.3339,142.3669,
12,Pochutla,MX,88.56,broken clouds,15.7432,-96.4661,
13,Hambantota,LK,80.08,overcast clouds,6.1241,81.1185,
14,Santa Lucia Cotzumalguapa,GT,90.23,broken clouds,14.3333,-91.0167,
15,Khatanga,RU,32.29,overcast clouds,71.9667,102.5,
16,Norman Wells,CA,32.04,broken clouds,65.282,-126.8329,
17,Tuy Hoa,VN,77.02,scattered clouds,13.0833,109.3,
18,Nikolskoye,RU,50.88,scattered clouds,59.7035,30.7861,
19,Bethel,US,72.1,few clouds,41.3712,-73.414,
20,Tasiilaq,GL,30.49,scattered clouds,65.6145,-37.6368,
21,Georgetown,MY,76.95,scattered clouds,5.4112,100.3354,
22,Pevek,RU,30.24,light snow,69.7008,170.3133,
23,Atuona,PF,78.58,broken clouds,-9.8,-139.0333,
24,Puerto Ayora,EC,76.96,overcast clouds,-0.7393,-90.3518,
25,Tuatapere,NZ,33.94,few clouds,-46.1333,167.6833,
26,Coquimbo,CL,64.13,clear sky,-29.9533,-71.3436,
27,Campo De Criptana,ES,71.53,broken clouds,39.4046,-3.1249,
28,Gizo,SB,81.09,light rain,-8.103,156.8419,
29,Ginda,IN,61.74,few clouds,30.6945,78.4932,
30,Erzin,TR,78.01,clear sky,36.9559,36.2,
31,Punta Arenas,CL,44.11,broken clouds,-53.15,-70.9167,
32,Tiksi,RU,34.16,light rain,71.6872,128.8694,
33,Rafaela,AR,90.05,clear sky,-31.2503,-61.4867,
34,Monduli,TZ,67.64,scattered clouds,-3.3,36.45,
35,Mataura,NZ,29.32,clear sky,-46.1927,168.8643,
36,Beringovskiy,RU,36.59,overcast clouds,63.05,179.3167,
37,Barrow,US,14.25,broken clouds,71.2906,-156.7887,
38,Gorin,RU,47.55,overcast clouds,51.1983,136.6669,
39,Tena,EC,89.83,overcast clouds,-0.9833,-77.8167,
40,Port Blair,IN,79.43,overcast clouds,11.6667,92.75,
41,Busselton,AU,56.05,scattered clouds,-33.65,115.3333,
42,Avarua,CK,71.65,overcast clouds,-21.2078,-159.775,
43,Mar Del Plata,AR,60.82,clear sky,-38.0023,-57.5575,
44,Juru,MY,76.96,scattered clouds,5.312,100.4423,
45,Geraldton,AU,62.13,scattered clouds,-28.7667,114.6,
46,Mahebourg,MU,70.09,light rain,-20.4081,57.7,
47,Fortuna,US,60.98,overcast clouds,40.5982,-124.1573,
48,Skagen,DK,59.09,broken clouds,57.7209,10.5839,
49,Venado Tuerto,AR,82.78,clear sky,-33.7456,-61.9688,
50,Nerchinskiy Zavod,RU,38.17,broken clouds,51.3088,119.61,
51,Port Lincoln,AU,55.45,overcast clouds,-34.7333,135.8667,
52,Eyl,SO,78.98,broken clouds,7.9803,49.8164,
53,Cape Town,ZA,63.27,clear sky,-33.9258,18.4232,
54,Mimongo,GA,70.92,moderate rain,-1.6195,11.6068,
55,Tupik,RU,49.01,moderate rain,54.4253,119.9327,
56,San Carlos De Bariloche,AR,44.35,few clouds,-41.1456,-71.3082,
57,Shihezi,CN,54.72,clear sky,44.3,86.0333,
58,Port Alfred,ZA,64.81,scattered clouds,-33.5906,26.891,
59,East London,ZA,67.14,broken clouds,-33.0153,27.9116,
60,Zemetchino,RU,48.38,overcast clouds,53.4973,42.6163,
61,Namatanai,PG,79.41,light rain,-3.6667,152.4333,
62,Bluff,NZ,38.91,scattered clouds,-46.6,168.3333,
63,San Cristobal,VE,91.58,scattered clouds,7.7669,-72.225,
64,Talnakh,RU,33.37,broken clouds,69.4865,88.3972,
65,Port Elizabeth,ZA,65.1,broken clouds,-33.918,25.5701,
66,Kismayo,SO,77.32,clear sky,-0.3582,42.5454,
67,Kargasok,RU,36.73,overcast clouds,59.0556,80.8572,
68,Bambous Virieux,MU,70.05,light rain,-20.3428,57.7575,
69,Tumut,AU,43.79,clear sky,-35.3,148.2167,
70,Hobyo,SO,78.46,broken clouds,5.3505,48.5268,
71,Kieta,PG,78.62,broken clouds,-6.2167,155.6333,
72,Sao Filipe,CV,79.54,broken clouds,14.8961,-24.4956,
73,Zhigansk,RU,31.06,clear sky,66.7697,123.3711,
74,Butaritari,KI,83.75,overcast clouds,3.0707,172.7902,
75,Achacachi,BO,56.12,scattered clouds,-16.05,-68.6833,
76,Sola,VU,78.13,few clouds,-13.8833,167.55,
77,Keti Bandar,PK,83.25,overcast clouds,24.1447,67.4497,
78,Bintulu,MY,78.4,overcast clouds,3.1667,113.0333,
79,Hobart,AU,40.05,clear sky,-42.8794,147.3294,
80,Clyde,US,75.52,few clouds,41.3042,-82.9752,
81,Roald,NO,66.16,clear sky,62.5833,6.1333,
82,Chokurdakh,RU,30.09,overcast clouds,70.6333,147.9167,
83,Sri Aman,MY,74.82,moderate rain,1.2376,111.4621,
84,New Norfolk,AU,39.7,clear sky,-42.7826,147.0587,
85,Saskylakh,RU,33.96,overcast clouds,71.9167,114.0833,
86,Hami,CN,63.82,clear sky,42.8,93.45,
87,Kizilskoye,RU,50.97,overcast clouds,52.7255,58.8937,
88,Hithadhoo,MV,82.96,overcast clouds,-0.6,73.0833,
89,Lagoa,PT,67.06,overcast clouds,39.05,-27.9833,
90,Jamestown,US,68.29,scattered clouds,42.097,-79.2353,
91,Vardo,NO,48.4,light rain,70.3705,31.1107,
92,Shirgaon,IN,80.56,overcast clouds,19.7,72.7,
93,Basco,PH,84.16,few clouds,20.4487,121.9702,
94,Mora,CM,83.3,scattered clouds,11.0461,14.1401,
95,Isangel,VU,69.1,few clouds,-19.55,169.2667,
96,Quatre Cocos,MU,69.1,light rain,-20.2078,57.7625,
97,Constitucion,CL,59.47,overcast clouds,-35.3333,-72.4167,
98,Mattru,SL,75.36,moderate rain,7.6244,-11.8332,
99,Urumqi,CN,52.75,clear sky,43.801,87.6005,
100,Dikson,RU,36.54,overcast clouds,73.5069,80.5464,
101,Chuy,UY,68.72,few clouds,-33.6971,-53.4616,
102,Hermanus,ZA,62.91,scattered clouds,-34.4187,19.2345,
103,Punta De Bombon,PE,63.59,broken clouds,-17.1717,-71.7931,
104,Kaitangata,NZ,32.76,few clouds,-46.2817,169.8464,
105,Kapaa,US,78.12,light rain,22.0752,-159.319,
106,Cockburn Town,TC,82.89,clear sky,21.4612,-71.1419,
107,Esperance,AU,53.44,scattered clouds,-33.8667,121.9,
108,Arraial Do Cabo,BR,84.16,clear sky,-22.9661,-42.0278,
109,Torbay,CA,64.89,scattered clouds,47.6666,-52.7314,
110,Byron Bay,AU,58.05,light rain,-28.65,153.6167,
111,Carnarvon,AU,59.07,scattered clouds,-24.8667,113.6333,
112,Cap Malheureux,MU,70.29,moderate rain,-19.9842,57.6142,
113,Ribeira Grande,PT,70.2,broken clouds,38.5167,-28.7,
114,Tutoia,BR,85.98,scattered clouds,-2.7619,-42.2744,
115,Charcas,MX,66.49,overcast clouds,23.1333,-101.1167,
116,Ullapool,GB,64.76,moderate rain,57.8987,-5.1604,
117,Laguna,US,83.25,few clouds,38.421,-121.4238,
118,Gazojak,TM,59.27,broken clouds,41.1875,61.4036,
119,Ekibastuz,KZ,37.99,broken clouds,51.6667,75.3667,
120,Coihueco,CL,59.74,clear sky,-36.6167,-71.8333,
121,Hwange,ZW,77.49,clear sky,-18.3693,26.5019,
122,Aasiaat,GL,14.54,clear sky,68.7098,-52.8699,
123,Karratha,AU,70.99,clear sky,-20.7377,116.8463,
124,Hualmay,PE,68.31,scattered clouds,-11.0964,-77.6139,
125,Kendari,ID,74.23,overcast clouds,-3.945,122.4989,
126,Muros,ES,68.23,overcast clouds,42.7762,-9.0603,
127,Ponta Do Sol,PT,76.01,overcast clouds,32.6667,-17.1,
128,Hilo,US,76.8,moderate rain,19.7297,-155.09,
129,San Lorenzo,PY,95.94,clear sky,-25.3333,-57.5333,
130,Jaltenango,MX,82.54,overcast clouds,15.8719,-92.7247,
131,Kodiak,US,39.72,overcast clouds,57.79,-152.4072,
132,Hamilton,US,76.5,clear sky,39.1834,-84.5333,
133,Korla,CN,64.65,clear sky,41.7597,86.1469,
134,Aberystwyth,GB,64.67,broken clouds,52.4155,-4.0829,
135,Yei,SS,67.06,light rain,4.095,30.6779,
136,Lavrentiya,RU,29.75,overcast clouds,65.5833,-171.0,
137,Victoria,HK,85.32,light rain,22.2855,114.1577,
138,Bengkulu,ID,75.25,overcast clouds,-3.8004,102.2655,
139,Katsuura,JP,66.31,broken clouds,35.1333,140.3,
140,Yellowknife,CA,39.42,broken clouds,62.456,-114.3525,
141,Gela,IT,79.34,overcast clouds,37.0803,14.2307,
142,Catamayo,EC,83.75,overcast clouds,-3.9833,-79.35,
143,Cidreira,BR,68.59,clear sky,-30.1811,-50.2056,
144,Xiongzhou,CN,78.94,light rain,25.1167,114.3,
145,Impfondo,CG,74.32,scattered clouds,1.6381,18.0667,
146,Moron,AR,79.95,clear sky,-34.6534,-58.6198,
147,Flinders,AU,53.19,overcast clouds,-34.5833,150.8552,
148,Thompson,CA,53.76,scattered clouds,55.7435,-97.8558,
149,Nova Serrana,BR,92.77,few clouds,-19.8761,-44.9836,
150,Banda Aceh,ID,78.82,overcast clouds,5.5577,95.3222,
151,Portel,BR,94.75,overcast clouds,-1.9356,-50.8211,
152,Vasyshcheve,UA,55.58,scattered clouds,49.8285,36.3269,
153,Portland,US,65.57,broken clouds,45.5234,-122.6762,
154,College,US,31.59,overcast clouds,64.8569,-147.8028,
155,Agadir,MA,81.05,clear sky,30.4202,-9.5982,
156,Galesong,ID,77.02,broken clouds,-5.3166,119.3661,
157,Nadvoitsy,RU,46.35,overcast clouds,63.8667,34.3167,
158,Holetown,BB,86.56,scattered clouds,13.1867,-59.6381,
159,Dubbo,AU,50.13,clear sky,-32.25,148.6167,
160,Dongsheng,CN,57.56,few clouds,39.8161,109.9776,
161,Tomatlan,MX,89.02,overcast clouds,19.9333,-105.25,
162,Saint George,US,86.54,overcast clouds,37.1041,-113.5841,
163,Marsh Harbour,BS,81.34,overcast clouds,26.5412,-77.0636,
164,Nadadores,MX,78.89,overcast clouds,27.05,-101.6,
165,Cinisi,IT,78.73,broken clouds,38.1562,13.1073,
166,Kavieng,PG,81.0,moderate rain,-2.5744,150.7967,
167,Mahon,ES,77.56,broken clouds,39.8885,4.2658,
168,Amapa,BR,96.76,broken clouds,1.0,-52.0,
169,Berezovyy,RU,49.19,overcast clouds,51.6667,135.7,
170,Howard Springs,AU,78.71,broken clouds,-12.497,131.047,
171,Cayenne,GF,89.64,broken clouds,4.9333,-52.3333,
172,Vestmannaeyjar,IS,43.21,overcast clouds,63.4427,-20.2734,
173,Port Hardy,CA,55.58,light intensity shower rain,50.6996,-127.4199,
174,La Puebla De Cazalla,ES,81.48,broken clouds,37.2216,-5.3115,
175,Chimbote,PE,68.94,broken clouds,-9.0853,-78.5783,
176,Glasgow,GB,64.31,broken clouds,55.8652,-4.2576,
177,Mabaruma,GY,91.63,few clouds,8.2,-59.7833,
178,Mandurah,AU,55.17,scattered clouds,-32.55,115.7,
179,Guadalupe Y Calvo,MX,68.27,clear sky,26.1,-106.9667,
180,Marawi,PH,65.64,overcast clouds,7.9986,124.2928,
181,Sao Francisco De Assis,BR,77.5,clear sky,-29.5503,-55.1311,
182,Caen,FR,66.42,clear sky,49.0833,-0.4167,
183,Comodoro Rivadavia,AR,51.66,clear sky,-45.8667,-67.5,
184,Mount Isa,AU,73.17,clear sky,-20.7333,139.5,
185,Tawau,MY,77.76,scattered clouds,4.2498,117.8871,
186,Sonta,RS,71.29,clear sky,45.5947,19.0981,
187,Strezhevoy,RU,33.78,broken clouds,60.7333,77.5889,
188,Neuquen,AR,59.74,broken clouds,-38.9516,-68.0591,
189,Lebu,CL,52.56,scattered clouds,-37.6167,-73.65,
190,Seoul,KR,69.24,overcast clouds,37.5683,126.9778,
191,Atyashevo,RU,48.49,overcast clouds,54.5644,46.0691,
192,Richards Bay,ZA,67.03,scattered clouds,-28.783,32.0377,
193,Shakawe,BW,76.44,clear sky,-18.3667,21.85,
194,Raudeberg,NO,61.47,overcast clouds,61.9875,5.1352,
195,Oktyabrskiy,RU,52.79,overcast clouds,54.4815,53.471,
196,Yerbogachen,RU,32.74,light snow,61.2767,108.0108,
197,Miri,MY,78.37,overcast clouds,4.4148,114.0089,
198,Bonthe,SL,78.26,light rain,7.5264,-12.505,
199,Gainesville,US,86.79,scattered clouds,29.6516,-82.3248,
200,Saint Augustine,US,88.03,clear sky,29.8947,-81.3145,
201,Sitka,US,49.57,overcast clouds,57.0531,-135.33,
202,Pryazha,RU,46.36,overcast clouds,61.6926,33.6216,
203,Tecpan,GT,68.45,overcast clouds,14.7623,-90.9947,
204,Sorland,NO,53.67,overcast clouds,67.667,12.6934,
205,Upernavik,GL,25.72,clear sky,72.7868,-56.1549,
206,Bonnyville,CA,65.46,overcast clouds,54.2668,-110.735,
207,Alofi,NU,58.89,scattered clouds,-19.0595,-169.9187,
208,Sharjah,AE,91.69,clear sky,25.3573,55.4033,
209,Morant Bay,JM,92.62,clear sky,17.8815,-76.4093,
210,West Point,US,82.18,scattered clouds,33.6076,-88.6503,
211,Jolalpan,MX,85.01,overcast clouds,18.325,-98.8417,
212,Khandagayty,RU,27.55,scattered clouds,50.7333,92.05,
213,Yumaguzino,RU,50.61,light rain,52.9041,56.3933,
214,Kibaya,TZ,66.02,broken clouds,-5.3,36.5667,
215,Schrassig,LU,63.28,few clouds,49.6058,6.2589,
216,Arlit,NE,95.5,clear sky,18.7369,7.3853,
217,Santiago Del Estero,AR,94.8,clear sky,-27.7951,-64.2615,
218,Guerrero Negro,MX,74.35,clear sky,27.9769,-114.0611,
219,Tessalit,ML,96.31,clear sky,20.1986,1.0114,
220,Buraydah,SA,83.26,clear sky,26.326,43.975,
221,Gilgit,PK,77.61,clear sky,35.9221,74.3087,
222,Eureka,US,61.25,broken clouds,40.8021,-124.1637,
223,Vanavara,RU,37.06,overcast clouds,60.34,102.2797,
224,Traverse City,US,69.84,broken clouds,44.7631,-85.6206,
225,Hastings,GB,64.15,overcast clouds,50.8552,0.5729,
226,Omboue,GA,76.84,overcast clouds,-1.5746,9.2618,
227,Shingu,JP,69.66,overcast clouds,33.7333,135.9833,
228,Nantucket,US,75.25,scattered clouds,41.2835,-70.0995,
229,Bom Jardim,BR,82.0,broken clouds,-7.7958,-35.5872,
230,Magadan,RU,39.54,overcast clouds,59.5667,150.8,
231,Bandarbeyla,SO,78.69,broken clouds,9.4942,50.8122,
232,Avera,US,81.91,clear sky,33.194,-82.5271,
233,Boa Vista,BR,93.18,broken clouds,2.8197,-60.6733,
234,Nakamura,JP,70.18,overcast clouds,32.9833,132.9333,
235,Aksarka,RU,31.44,broken clouds,66.5606,67.7975,
236,Severo-Kurilsk,RU,48.42,broken clouds,50.6789,156.125,
237,Price,US,76.71,clear sky,39.5994,-110.8107,
238,San Patricio,US,87.89,clear sky,28.017,-97.5169,
239,Ahipara,NZ,51.06,overcast clouds,-35.1667,173.1667,
240,Coffs Harbour,AU,55.36,overcast clouds,-30.3,153.1333,
242,Saint-Philippe,RE,71.19,light rain,-21.3585,55.7679,
243,Taltal,CL,64.58,scattered clouds,-25.4,-70.4833,
244,Palmer,US,72.9,clear sky,42.1584,-72.3287,
245,Klaeng,TH,80.94,light rain,12.7797,101.6483,
246,Two Hills,CA,65.21,overcast clouds,53.7169,-111.7518,
247,Tuktoyaktuk,CA,32.0,light snow,69.4541,-133.0374,
248,Olinda,BR,80.33,scattered clouds,-8.0089,-34.8553,
249,Deputatskiy,RU,27.84,overcast clouds,69.3,139.9,
250,Havelock,US,79.05,clear sky,34.8791,-76.9013,
251,Ciudad Real,ES,77.05,broken clouds,39.0,-4.0,
252,Airai,TL,57.92,overcast clouds,-8.9266,125.4092,
253,Longyearbyen,SJ,37.24,light intensity drizzle rain,78.2186,15.6401,
254,Salalah,OM,82.2,overcast clouds,17.0151,54.0924,
256,Ajdabiya,LY,75.07,clear sky,30.7554,20.2263,
257,Borogontsy,RU,38.77,overcast clouds,62.6683,131.1683,
258,Cahir,IE,56.89,overcast clouds,52.3769,-7.9217,
259,Bathsheba,BB,84.63,broken clouds,13.2167,-59.5167,
260,Narsaq,GL,39.43,clear sky,60.9167,-46.05,
261,Sur,OM,84.38,clear sky,22.5667,59.5289,
262,Dunedin,NZ,35.8,few clouds,-45.8742,170.5036,
263,Urengoy,RU,32.2,clear sky,65.9667,78.3667,
264,Moorhead,US,80.98,clear sky,46.8739,-96.7676,
265,Yantal,RU,34.2,light rain,56.8471,105.2542,
266,Srednekolymsk,RU,33.03,light snow,67.45,153.6833,
267,Zyrardow,PL,62.01,scattered clouds,52.0488,20.446,
268,Bijie,CN,61.74,clear sky,27.3125,105.2942,
269,Vestmanna,FO,49.12,overcast clouds,62.1564,-7.1664,
270,Pisco,PE,65.01,broken clouds,-13.7,-76.2167,
271,Muroto,JP,72.81,overcast clouds,33.2833,134.15,
272,North Bend,US,64.17,overcast clouds,43.4065,-124.2243,
273,Alice Springs,AU,65.75,clear sky,-23.7,133.8833,
274,Macas,EC,81.68,light rain,-2.3167,-78.1167,
275,Tifton,US,85.41,clear sky,31.4505,-83.5085,
276,Lensk,RU,34.5,light rain,60.7253,114.9278,
277,Nhulunbuy,AU,75.81,broken clouds,-12.2333,136.7667,
278,Lompoc,US,61.92,overcast clouds,34.6391,-120.4579,
279,Leh,IN,56.73,clear sky,34.1667,77.5833,
280,Cherskiy,RU,32.34,snow,68.75,161.3,
281,Macheng,CN,73.02,light rain,31.1783,115.0319,
282,Mayskiy,RU,62.44,broken clouds,47.6931,40.1025,
283,Tekanto,MX,92.01,broken clouds,21.0167,-89.1,
284,Thinadhoo,MV,81.59,overcast clouds,0.5333,72.9333,
285,Daru,PG,77.41,overcast clouds,-9.0763,143.2092,
286,Husavik,IS,40.91,light rain,66.0449,-17.3389,
287,Tevaitoa,PF,79.12,light rain,-16.7833,-151.5,
288,Fiumicino,IT,78.98,scattered clouds,41.7675,12.2291,
289,Beamsville,CA,71.31,scattered clouds,43.1668,-79.4829,
290,Uyaan,PH,62.91,overcast clouds,7.8631,124.0411,
291,Codrington,AU,40.93,broken clouds,-38.2667,141.9667,
292,Anadyr,RU,33.75,scattered clouds,64.75,177.4833,
293,Nanortalik,GL,39.58,few clouds,60.1432,-45.2371,
294,Andenes,NO,55.38,overcast clouds,69.3143,16.1194,
295,Namwala,ZM,79.52,clear sky,-15.7504,26.4384,
296,Dutlwe,BW,78.89,clear sky,-23.9833,23.9,
297,Westport,US,74.25,few clouds,41.1415,-73.3579,
298,Iranshahr,IR,88.38,few clouds,27.2025,60.6848,
299,Solnechnyy,RU,48.69,overcast clouds,50.7214,136.6319,
300,Bar Harbor,US,68.14,broken clouds,44.3876,-68.2039,
301,Asau,RO,62.4,clear sky,46.4333,26.4,
302,Sungaipenuh,ID,65.79,light rain,-2.0833,101.3833,
303,Rehti,IN,76.33,overcast clouds,22.7333,77.4333,
304,Ballina,AU,58.96,overcast clouds,-28.8667,153.5667,
305,Hay River,CA,43.81,broken clouds,60.8156,-115.7999,
306,Klaksvik,FO,50.92,overcast clouds,62.2266,-6.589,
307,Gornopravdinsk,RU,30.69,scattered clouds,60.05,69.9,
309,Dzilam Gonzalez,MX,92.64,scattered clouds,21.2833,-88.9333,
310,Calvinia,ZA,69.8,clear sky,-31.4707,19.776,
311,Te Anau,NZ,30.36,few clouds,-45.4167,167.7167,
312,Bilibino,RU,25.99,light snow,68.0546,166.4372,
313,Pskov,RU,49.91,broken clouds,57.8136,28.3496,
314,Benghazi,LY,76.48,clear sky,32.1167,20.0667,
315,Moranbah,AU,59.41,clear sky,-22.0016,148.0466,
316,Carmo Do Rio Claro,BR,85.01,broken clouds,-20.9719,-46.1189,
317,Nome,US,34.16,overcast clouds,64.5011,-165.4064,
318,Cabo San Lucas,MX,94.6,few clouds,22.8909,-109.9124,
319,Wattegama,LK,78.62,overcast clouds,6.7989,81.4808,
320,Juegang,CN,76.98,scattered clouds,32.3174,121.1855,
321,Cassia,BR,81.23,broken clouds,-20.5831,-46.9219,
322,Huarmey,PE,69.37,broken clouds,-10.0681,-78.1522,
323,Luba,GQ,78.62,overcast clouds,3.4568,8.5547,
324,Kathu,TH,75.02,overcast clouds,7.9178,98.3332,
325,Atambua,ID,71.2,broken clouds,-9.1061,124.8925,
326,Kibala,TD,76.35,light rain,9.1104,18.3463,
327,Biscarrosse,FR,70.75,clear sky,44.3945,-1.1672,
328,Pangnirtung,CA,36.18,few clouds,66.1451,-65.7125,
329,Svetlogorsk,BY,47.86,clear sky,52.6333,29.7333,
330,Faanui,PF,79.3,light rain,-16.4833,-151.75,
331,Sao Gabriel Da Cachoeira,BR,88.43,overcast clouds,-0.1303,-67.0892,
332,Mogadishu,SO,78.19,clear sky,2.0371,45.3438,
333,Meulaboh,ID,73.98,overcast clouds,4.1363,96.1285,
335,Porto Santo,PT,75.31,few clouds,33.072,-16.3415,
336,Birakan,RU,45.1,overcast clouds,49.0167,131.7,
337,Belmonte,BR,79.3,broken clouds,-15.8631,-38.8828,
338,Los Llanos De Aridane,ES,73.15,volcanic ash,28.6585,-17.9182,
339,Baherden,TM,65.7,broken clouds,38.4362,57.4316,
340,Orlik,RU,33.21,overcast clouds,52.5178,99.825,
341,Ismailia,EG,75.04,scattered clouds,30.6043,32.2723,
342,Vao,NC,67.69,overcast clouds,-22.6667,167.4833,
343,Maunabo,PR,94.64,few clouds,18.0072,-65.8993,
344,Aliwal North,ZA,71.56,scattered clouds,-30.6937,26.7114,
345,Asfi,MA,73.24,broken clouds,32.2994,-9.2372,
346,Buchanan,LR,82.36,moderate rain,5.8808,-10.0467,
347,Dingle,PH,76.08,broken clouds,10.9995,122.6711,
348,Christchurch,NZ,40.03,overcast clouds,-43.5333,172.6333,
349,Port Hedland,AU,64.45,clear sky,-20.3167,118.5667,
350,Sangar,RU,32.95,broken clouds,63.9242,127.4739,
351,Cedar City,US,75.4,clear sky,37.6775,-113.0619,
352,Miraflores,MX,70.03,broken clouds,19.2167,-98.8083,
353,Vihti,FI,51.35,few clouds,60.417,24.3197,
354,Tambun,ID,83.48,broken clouds,-6.2641,107.0712,
355,Dali,CN,59.65,overcast clouds,25.7,100.1833,
356,Touros,BR,85.1,clear sky,-5.1989,-35.4608,
357,Ossora,RU,41.45,overcast clouds,59.2353,163.0719,
358,Atlantic City,US,75.18,clear sky,39.3643,-74.4229,
359,Turayf,SA,79.02,clear sky,31.6725,38.6637,
360,Kruisfontein,ZA,62.89,broken clouds,-34.0033,24.7314,
361,Ucluelet,CA,57.04,overcast clouds,48.9329,-125.5528,
362,Erenhot,CN,55.09,clear sky,43.6475,111.9767,
363,Garowe,SO,86.59,light rain,8.4054,48.4845,
364,Arrecife,ES,78.78,few clouds,28.963,-13.5477,
365,Puerto Del Rosario,ES,78.48,few clouds,28.5004,-13.8627,
366,Mujiayingzi,CN,59.63,light rain,42.1167,118.7833,
367,Trincomalee,LK,80.85,moderate rain,8.5711,81.2335,
368,Namibe,AO,64.24,broken clouds,-15.1961,12.1522,
369,Leticia,CO,84.18,broken clouds,-4.2153,-69.9406,
370,Voh,NC,65.25,broken clouds,-20.9667,164.7,
371,Jalu,LY,79.11,clear sky,29.0331,21.5482,
373,Bograd,RU,35.35,overcast clouds,54.2344,90.8328,
374,Harnosand,SE,51.01,scattered clouds,62.6323,17.9379,
375,Denpasar,ID,78.46,few clouds,-8.65,115.2167,
376,Pangoa,PE,92.61,overcast clouds,-12.1167,-73.0,
377,Rio Gallegos,AR,48.25,scattered clouds,-51.6226,-69.2181,
379,Fereydunshahr,IR,54.68,clear sky,32.941,50.121,
380,Port Augusta,AU,44.74,broken clouds,-32.5,137.7667,
381,Thai Nguyen,VN,74.98,scattered clouds,21.5928,105.8442,
382,Krasnogorsk,RU,50.05,overcast clouds,55.8225,37.3181,
383,Santa Catalina,PH,78.67,broken clouds,9.3337,122.8637,
384,Paamiut,GL,35.98,clear sky,61.994,-49.6678,
385,Turukhansk,RU,34.56,few clouds,65.8167,87.9833,
386,Kiama,AU,53.38,overcast clouds,-34.6833,150.8667,
387,Russellville,US,85.73,clear sky,35.2784,-93.1338,
388,Sivaki,RU,55.31,light rain,52.6333,126.75,
389,Ewa Beach,US,82.35,clear sky,21.3156,-158.0072,
390,West Wendover,US,72.61,clear sky,40.7391,-114.0733,
391,Torres,BR,80.83,clear sky,-29.3353,-49.7269,
392,Finschhafen,PG,78.6,scattered clouds,-6.6024,147.8681,
393,Puerto Narino,CO,94.93,few clouds,-3.7703,-70.3831,
394,Sokol,RU,44.49,overcast clouds,59.4617,40.1206,
395,Bonney Lake,US,63.05,overcast clouds,47.1771,-122.1865,
396,Belawan,ID,77.29,moderate rain,3.7755,98.6832,
397,Bellmead,US,87.28,clear sky,31.594,-97.1089,
398,Koumra,TD,75.09,light rain,8.9126,17.5539,
399,Sao Joao Da Barra,BR,82.49,scattered clouds,-21.6403,-41.0511,
400,Camabatela,AO,69.39,overcast clouds,-8.1881,15.375,
401,Broome,US,68.02,clear sky,42.2506,-75.833,
402,Archidona,ES,82.22,overcast clouds,37.0965,-4.3887,
403,Amga,RU,30.9,broken clouds,60.8953,131.9608,
404,Kautokeino,NO,42.03,overcast clouds,69.0125,23.0412,
405,Bagaces,CR,85.93,broken clouds,10.5271,-85.2548,
406,Paoua,CF,71.78,light rain,7.2427,16.4406,
407,Umm Lajj,SA,85.26,clear sky,25.0213,37.2685,
408,Bagdarin,RU,32.38,overcast clouds,54.4333,113.6,
409,Leningradskiy,RU,20.73,overcast clouds,69.3833,178.4167,
410,Pamanukan,ID,80.26,scattered clouds,-6.2842,107.8106,
411,Grand-Lahou,CI,74.5,light rain,5.1367,-5.0242,
412,Fairbanks,US,31.6,overcast clouds,64.8378,-147.7164,
413,Davila,PH,81.82,clear sky,18.4726,120.5763,
414,Souillac,MU,69.37,light rain,-20.5167,57.5167,
415,Vila Velha,BR,79.97,clear sky,-20.3297,-40.2925,
416,Elat,IL,91.24,clear sky,29.5581,34.9482,
417,Razdolnoye,RU,61.21,broken clouds,43.55,131.9167,
418,Nevel,RU,44.74,scattered clouds,56.0209,29.9284,
419,La Tuque,CA,62.22,broken clouds,47.4334,-72.7824,
420,Along,IN,71.96,scattered clouds,28.1667,94.7667,
421,Banamba,ML,84.6,broken clouds,13.55,-7.45,
422,Lorengau,PG,80.28,broken clouds,-2.0226,147.2712,
423,Maniitsoq,GL,33.26,clear sky,65.4167,-52.9,
424,Nauta,PE,96.75,broken clouds,-4.5061,-73.5757,
425,Nara,JP,69.08,overcast clouds,34.6851,135.8049,
426,Kashi,CN,67.05,clear sky,39.4547,75.9797,
427,Sioux Lookout,CA,61.57,broken clouds,50.1001,-91.917,
428,Vallenar,CL,90.27,clear sky,-28.5708,-70.7581,
429,Karwar,IN,78.04,overcast clouds,14.8,74.1333,
430,Sambava,MG,71.56,scattered clouds,-14.2667,50.1667,
431,Morondava,MG,76.69,clear sky,-20.2833,44.2833,
432,Tiarei,PF,82.42,few clouds,-17.5333,-149.3333,
433,Kargil,IN,57.67,clear sky,34.5667,76.1,
434,Choix,MX,91.22,clear sky,26.7092,-108.3219,
435,Plettenberg Bay,ZA,60.78,broken clouds,-34.0527,23.3716,
436,Mezen,RU,45.01,overcast clouds,65.8522,44.24,
437,Balkanabat,TM,65.26,few clouds,39.5108,54.3671,
438,Hasaki,JP,64.29,scattered clouds,35.7333,140.8333,
439,Kaeo,NZ,52.32,overcast clouds,-35.1,173.7833,
440,Tigil,RU,43.34,overcast clouds,57.8,158.6667,
441,Markova,UA,56.79,scattered clouds,48.6758,24.4138,
442,Ambilobe,MG,72.97,broken clouds,-13.2,49.05,
443,Srandakan,ID,77.45,overcast clouds,-7.9386,110.2506,
444,Sao Felix Do Xingu,BR,91.26,broken clouds,-6.6447,-51.995,
445,Bukama,CD,82.62,broken clouds,-9.2,25.85,
446,Rocha,UY,71.6,clear sky,-34.4833,-54.3333,
447,Rosarito,MX,71.26,broken clouds,32.3333,-117.0333,
448,Novyy Urengoy,RU,33.08,clear sky,66.0833,76.6333,
449,Ipua,BR,92.64,broken clouds,-20.4381,-48.0122,
450,Inhambane,MZ,75.18,few clouds,-23.865,35.3833,
451,Tucurui,BR,97.48,overcast clouds,-3.7661,-49.6725,
452,Clonakilty,IE,56.41,overcast clouds,51.6231,-8.8706,
453,Bosaso,SO,89.51,clear sky,11.2842,49.1816,
454,Guangyuan,CN,63.55,overcast clouds,32.442,105.823,
455,Port Moresby,PG,75.33,broken clouds,-9.4431,147.1797,
456,Halifax,CA,69.1,overcast clouds,44.6453,-63.5724,
457,Havre-Saint-Pierre,CA,59.36,mist,50.2334,-63.5986,
458,Itarema,BR,85.73,broken clouds,-2.9248,-39.9167,
459,Ternate,ID,80.02,scattered clouds,0.8,127.4,
460,Ayagoz,KZ,37.63,overcast clouds,47.9714,80.4392,
461,Mayo,US,76.21,clear sky,38.8876,-76.5119,
462,Port Macquarie,AU,54.9,overcast clouds,-31.4333,152.9167,
463,Pudozh,RU,44.49,overcast clouds,61.8099,36.5345,
464,Provideniya,RU,32.68,light snow,64.3833,-173.3,
465,Severnyy,RU,50.04,clear sky,50.677,36.5532,
466,Port-Cartier,CA,56.93,overcast clouds,50.0334,-66.8654,
467,Saint Anthony,US,77.92,clear sky,45.0205,-93.218,
468,Shimoda,JP,64.11,broken clouds,34.6667,138.95,
469,Saldanha,ZA,59.13,clear sky,-33.0117,17.9442,
470,Talcahuano,CL,58.68,clear sky,-36.7167,-73.1167,
471,Stornoway,GB,52.93,few clouds,58.2093,-6.3865,
472,Yamada,JP,60.6,overcast clouds,39.4667,141.95,
473,Gogrial,SS,74.05,few clouds,8.5332,28.1004,
474,Alyangula,AU,76.46,broken clouds,-13.8483,136.4192,
475,Margate,GB,65.7,overcast clouds,51.3813,1.3862,
476,Honningsvag,NO,49.53,light rain,70.9821,25.9704,
477,Woodstock,CA,69.04,scattered clouds,43.1334,-80.7497,
478,Oum Hadjer,TD,79.66,broken clouds,13.2954,19.6966,
479,Takoradi,GH,74.73,overcast clouds,4.8845,-1.7554,
480,Bima,ID,74.7,broken clouds,-8.4667,118.7167,
481,Manzhouli,CN,39.27,few clouds,49.6,117.4333,
482,Iqaluit,CA,34.7,overcast clouds,63.7506,-68.5145,
483,Sept-Iles,CA,57.25,overcast clouds,50.2001,-66.3821,
484,Tautira,PF,82.42,few clouds,-17.7333,-149.15,
485,Shagamu,NG,75.74,light rain,6.8432,3.6478,
486,Jatiroto,ID,73.13,scattered clouds,-7.8833,111.1167,
487,Ovre Ardal,NO,52.68,overcast clouds,61.3167,7.8,
488,Fushan,CN,65.59,moderate rain,37.4958,121.2581,
489,Makakilo City,US,78.28,few clouds,21.3469,-158.0858,
490,Sistranda,NO,57.16,overcast clouds,63.7256,8.834,
491,Lecce,IT,72.86,scattered clouds,40.2167,18.1667,
492,Voyvozh,RU,39.16,overcast clouds,62.892,54.9635,
493,Juneau,US,48.85,overcast clouds,58.3019,-134.4197,
494,Reconquista,AR,90.09,clear sky,-29.15,-59.65,
495,Oranzherei,RU,59.0,overcast clouds,45.8476,47.5663,
496,Jaque,PA,82.67,light rain,7.5175,-78.1703,
497,Krechevitsy,RU,46.33,scattered clouds,58.617,31.401,
498,Poronaysk,RU,48.24,scattered clouds,49.2167,143.1167,
499,Naze,JP,77.05,few clouds,28.3667,129.4833,
500,Presque Isle,US,63.03,moderate rain,46.6811,-68.0159,
501,Manicore,BR,90.57,scattered clouds,-5.8092,-61.3003,
502,Murrhardt,DE,66.36,moderate rain,48.9819,9.5705,
503,Kulhudhuffushi,MV,77.86,light rain,6.6221,73.07,
504,Lalmohan,BD,82.63,heavy intensity rain,22.3384,90.7419,
505,Siva,EG,80.35,clear sky,29.2041,25.5195,
506,Rypefjord,NO,46.87,light rain,70.6333,23.6667,
507,Zinder,NE,93.67,clear sky,13.8072,8.9881,
508,Ilulissat,GL,24.82,clear sky,69.2167,-51.1,
509,Akdepe,TM,55.4,broken clouds,42.0551,59.3788,
510,Roebourne,AU,71.4,clear sky,-20.7833,117.1333,
511,Broken Hill,AU,49.05,broken clouds,-31.95,141.4333,
512,Smithers,CA,51.33,light rain,54.7804,-127.1743,
513,Port-Gentil,GA,77.81,overcast clouds,-0.7193,8.7815,
514,Tura,IN,75.88,overcast clouds,25.5198,90.2201,
515,Sobolevo,RU,44.96,scattered clouds,54.4299,31.8996,
516,Evensk,RU,37.06,broken clouds,61.95,159.2333,
517,Esik,KZ,53.02,few clouds,43.3552,77.4525,
518,Lamar,US,90.64,clear sky,33.6668,-95.5836,
519,Awjilah,LY,78.71,clear sky,29.1081,21.2869,
520,Kabansk,RU,32.49,overcast clouds,52.0486,106.6528,
521,Tual,ID,80.55,overcast clouds,-5.6667,132.75,
522,Ayan,RU,45.23,clear sky,56.45,138.1667,
523,Gat,IL,83.39,scattered clouds,31.61,34.7642,
524,Aktau,KZ,59.58,clear sky,43.65,51.2,
525,Zhuji,CN,73.31,broken clouds,29.7188,120.2423,
526,Samarai,PG,79.16,broken clouds,-10.6167,150.6667,
527,Igboho,NG,75.78,broken clouds,8.8333,3.75,
529,Leshukonskoye,RU,45.18,overcast clouds,64.8989,45.7622,
530,Bulgan,MN,35.29,broken clouds,48.8125,103.5347,
531,Tarsus,TR,73.27,clear sky,36.9188,34.8784,
532,Taybad,IR,73.15,clear sky,34.74,60.7756,
533,Los Banos,PH,81.81,broken clouds,14.1667,121.1833,
534,Aksha,RU,36.01,clear sky,50.2814,113.2867,
535,Paita,PE,73.96,overcast clouds,-5.0892,-81.1144,
536,Pemangkat,ID,78.93,overcast clouds,1.1667,108.9667,
537,Suntar,RU,36.34,overcast clouds,62.1444,117.6319,
538,Funadhoo,MV,77.67,light rain,6.15,73.2667,
539,Coahuayana,MX,89.11,overcast clouds,18.7333,-103.6833,
540,Qaqortoq,GL,45.1,clear sky,60.7167,-46.0333,
541,Sabha,LY,80.19,clear sky,27.0377,14.4283,
542,Mumford,GH,77.11,overcast clouds,5.2618,-0.759,
543,Mikuni,JP,68.52,broken clouds,36.2171,136.1519,
544,La Ronge,CA,58.6,scattered clouds,55.1001,-105.2842,
545,Kondinskoye,RU,31.89,few clouds,59.6481,67.41,
546,Zhanaozen,KZ,56.93,few clouds,43.3,52.8,
547,Phuket,TH,75.42,few clouds,8.0,98.25,
548,Burla,IN,76.3,overcast clouds,21.5,83.8667,
549,Kristiinankaupunki,FI,47.66,few clouds,62.2743,21.376,
550,Newport,GB,66.74,overcast clouds,51.5877,-2.9984,
551,Mount Gambier,AU,42.46,overcast clouds,-37.8333,140.7667,
552,Takaka,NZ,45.55,overcast clouds,-40.85,172.8,
553,Kamina,CD,76.98,overcast clouds,-8.7386,24.9906,
554,Puerto Guzman,CO,88.99,overcast clouds,0.9703,-76.5858,
555,Tuensang,IN,67.78,scattered clouds,26.2833,94.8333,
556,Pavlovo,RU,49.35,light rain,55.9686,43.0912,
557,Sakakah,SA,83.32,clear sky,29.9697,40.2064,
558,Whitehorse,CA,35.1,light snow,60.7161,-135.0538,
559,Yablonovo,RU,49.86,broken clouds,50.8523,37.3574,
560,Kenai,US,40.14,clear sky,60.5544,-151.2583,
561,Santa Rosa,PH,83.1,broken clouds,14.3122,121.1114,
562,Northam,GB,65.66,overcast clouds,51.0333,-4.2167,
563,Kinwat,IN,76.24,overcast clouds,19.6333,78.2,
564,Ransang,PH,78.85,broken clouds,8.9603,117.5828,
565,Honolulu,US,82.22,few clouds,21.3069,-157.8583,
566,Kissidougou,GN,74.66,light rain,9.1848,-10.0999,
567,Berlevag,NO,50.0,overcast clouds,70.8578,29.0864,
568,Batagay-Alyta,RU,24.44,broken clouds,67.8006,130.4114,
569,Ambunti,PG,73.49,broken clouds,-4.2365,142.8448,
570,Svecha,RU,45.5,overcast clouds,58.2785,47.5164,
571,Saint-Augustin,CA,57.15,overcast clouds,51.226,-58.6502,
572,Putina,PE,54.86,scattered clouds,-15.4667,-69.4333,
573,Swindon,GB,65.16,few clouds,51.558,-1.7812,
574,Mizdah,LY,78.17,broken clouds,31.4451,12.9801,
575,Naantali,FI,50.86,clear sky,60.4674,22.0243,
576,Chaohu,CN,75.63,light rain,31.6,117.8667,
577,Ostrovnoy,RU,44.67,overcast clouds,68.0531,39.5131,
578,Murgab,TM,76.87,overcast clouds,37.4966,61.9714,
579,Fare,PF,78.89,clear sky,-16.7,-151.0167,
580,Prince Rupert,CA,50.09,light rain,54.3161,-130.3201,
581,Pandan,PH,80.17,overcast clouds,14.0453,124.1694,
582,Marquette,US,62.76,broken clouds,46.5333,-87.6335,
583,Atbasar,KZ,44.49,overcast clouds,51.8,68.3333,
584,Saint-Leu,RE,70.66,broken clouds,-21.15,55.2833,
585,Axim,GH,75.0,light rain,4.8699,-2.2405,
586,Rosetta,EG,75.0,clear sky,31.4044,30.4164,
587,La Palma,US,77.11,overcast clouds,33.8464,-118.0467,
588,Tadine,NC,68.05,broken clouds,-21.55,167.8833,
589,Dire Dawa,ET,79.03,broken clouds,9.5931,41.8661,
590,Santo Antonio Do Sudoeste,BR,90.66,clear sky,-26.0736,-53.7253,
591,Norrkoping,SE,56.39,clear sky,58.5942,16.1826,
592,Kavaratti,IN,81.55,broken clouds,10.5669,72.642,
593,Beisfjord,NO,53.96,overcast clouds,68.3751,17.5988,
594,Harper,LR,75.4,light rain,4.375,-7.7169,
595,Santa Isabel Do Rio Negro,BR,90.52,broken clouds,-0.4139,-65.0192,
596,Jardim,BR,99.09,scattered clouds,-21.4803,-56.1381,
597,Mogok,MM,68.63,overcast clouds,22.9167,96.5,
598,Shache,CN,69.42,clear sky,38.4167,77.2406,
599,Ketchikan,US,52.23,overcast clouds,55.3422,-131.6461,
600,Porto Novo,BJ,77.0,moderate rain,6.4965,2.6036,
601,Buenos Aires,AR,80.92,clear sky,-34.6132,-58.3772,
602,Warrington,GB,65.35,few clouds,53.3925,-2.5802,
603,Falun,SE,53.94,overcast clouds,60.6036,15.626,
604,Meadow Lake,US,79.39,broken clouds,34.8014,-106.5436,
605,Berdigestyakh,RU,32.65,overcast clouds,62.0989,126.6992,
606,Najran,SA,78.57,clear sky,17.4924,44.1277,
607,The Valley,AI,88.11,scattered clouds,18.217,-63.0578,
608,Tabas,IR,79.79,clear sky,33.5959,56.9244,
609,Ancud,CL,49.1,few clouds,-41.8697,-73.8203,
610,Claremont,US,88.3,haze,34.0967,-117.7198,
611,Alugan,PH,77.41,broken clouds,12.2188,125.4808,
612,Mananjary,MG,69.28,clear sky,-21.2167,48.3333,
613,Pangkalanbuun,ID,72.54,overcast clouds,-2.6833,111.6167,
614,Guhagar,IN,77.18,overcast clouds,17.4842,73.1929,
615,Alta Floresta,BR,90.01,light rain,-9.8756,-56.0861,
616,Volax,GR,63.48,clear sky,41.3167,24.0,
617,Maldonado,UY,70.23,clear sky,-34.6667,-54.9167,
618,Baley,RU,35.55,broken clouds,51.6,116.6333,
619,Grand Gaube,MU,69.39,light rain,-20.0064,57.6608,
620,Vostok,RU,44.98,clear sky,46.4856,135.8833,
621,Rock Springs,US,74.23,clear sky,41.5875,-109.2029,
622,Dzhebariki-Khaya,RU,31.32,clear sky,62.2167,135.8,
623,Mounana,GA,78.15,overcast clouds,-1.4085,13.1586,
624,Kutum,SD,76.51,broken clouds,14.2,24.6667,
625,Amahai,ID,77.47,overcast clouds,-3.3333,128.9167,
626,Yemelyanovo,RU,36.41,scattered clouds,56.1681,92.6767,
627,Muzhi,RU,31.53,broken clouds,65.3667,64.6667,
628,Ploemeur,FR,65.55,overcast clouds,47.7333,-3.4333,
629,Hofn,IS,44.08,overcast clouds,64.2539,-15.2082,
630,Kyzyl-Suu,KG,58.66,clear sky,42.3414,78.0056,
631,Show Low,US,61.3,broken clouds,34.2542,-110.0298,
632,Kangaatsiaq,GL,24.58,clear sky,68.3065,-53.4641,
633,Harer,ET,64.35,overcast clouds,9.3094,42.1258,
634,Ulladulla,AU,48.87,overcast clouds,-35.35,150.4667,
635,Naryan-Mar,RU,41.65,overcast clouds,67.6713,53.087,
636,Reitz,ZA,72.79,scattered clouds,-27.8014,28.4273,
637,Durban,ZA,68.92,broken clouds,-29.8579,31.0292,
638,Maraa,BR,87.67,broken clouds,-1.8333,-65.3667,
639,Campbell River,CA,56.59,light intensity drizzle,50.0163,-125.2446,
640,Zyryanskoye,RU,34.66,broken clouds,56.8306,86.6258,
641,Laela,TZ,74.8,broken clouds,-8.5667,32.05,
642,Praia,CV,82.94,broken clouds,14.9215,-23.5087,
643,Vilyuysk,RU,30.47,overcast clouds,63.7553,121.6247,
644,Darnah,LY,74.93,clear sky,32.767,22.6367,
645,Okhotsk,RU,41.54,clear sky,59.3833,143.3,
646,Lahat,ID,72.77,overcast clouds,-3.8,103.5333,
647,Aklavik,CA,31.03,overcast clouds,68.2191,-135.0107,
648,Talaya,RU,24.6,overcast clouds,61.3833,152.75,
649,Lugoba,TZ,72.3,scattered clouds,-6.45,38.3333,
651,Camopi,GF,96.78,broken clouds,3.1655,-52.3158,
652,Uwajima,JP,69.19,broken clouds,33.2238,132.56,
653,Coos Bay,US,64.24,overcast clouds,43.3665,-124.2179,
654,Jepara,ID,75.67,broken clouds,-5.1695,105.7044,
655,Derzhavinsk,KZ,51.28,overcast clouds,51.1,66.3167,
656,Port Shepstone,ZA,67.51,overcast clouds,-30.7414,30.455,
657,Tuni,IN,76.91,very heavy rain,17.35,82.55,
658,Beckley,US,66.7,clear sky,37.7782,-81.1882,
659,Jackson,US,70.75,clear sky,42.4165,-122.8345,
660,Laplace,US,84.18,clear sky,30.0666,-90.4801,
661,Inta,RU,35.24,overcast clouds,66.0317,60.1659,
662,Saint-Joseph,RE,70.18,light rain,-21.3667,55.6167,
663,Half Moon Bay,US,71.87,overcast clouds,37.4636,-122.4286,
664,Kudal,IN,76.84,overcast clouds,16.0333,73.6833,
665,Pierre,US,81.99,clear sky,44.3683,-100.351,
666,Dhidhdhoo,MV,77.99,light rain,6.8833,73.1,
667,Colon,PA,87.82,overcast clouds,9.3592,-79.9014,
668,Lulea,SE,48.27,clear sky,65.5842,22.1547,
669,Mayumba,GA,75.97,overcast clouds,-3.432,10.6554,
670,Shelburne,CA,63.66,broken clouds,44.0787,-80.2041,
671,Nelson Bay,AU,54.95,clear sky,-32.7167,152.15,
672,Arawa,PG,76.3,broken clouds,-6.2132,155.5367,
673,Guymon,US,91.4,clear sky,36.6828,-101.4816,
674,Verkhnyaya Inta,RU,35.29,overcast clouds,65.9811,60.3094,
675,Yulara,AU,69.64,overcast clouds,-25.2406,130.9889,
676,Pavelets,RU,44.58,light rain,53.7883,39.246,
677,Waingapu,ID,74.89,broken clouds,-9.6567,120.2641,
678,Grand Baie,MU,69.46,few clouds,-20.0182,57.5802,
679,Svetlaya,RU,53.15,clear sky,46.5389,138.3297,
680,Vila Franca Do Campo,PT,72.19,overcast clouds,37.7167,-25.4333,
681,Kota Kinabalu,MY,76.98,few clouds,5.9749,116.0724,
682,Roma,US,70.83,broken clouds,43.2128,-75.4557,
683,Oro Valley,US,81.45,scattered clouds,32.3909,-110.9665,"El Conquistador Tucson, A Hilton Resort"
